	predicted	true value
0	1	
1	2	
2	2	
3	2	
4	2	
5	0	
6	1	
7	2	3.0
8	2	
9	0	
10	1	
11	1	
12	1	
13	2	
14	2	
15	3	
16	2	
17	2	
18	2	
19	1	
20	3	
21	3	
22	2	
23	0	
24	3	
25	3	
26	2	
27	1	
28	2	
29	2	3.0
30	0	
31	2	
32	2	
33	1	
34	2	
35	3	
36	1	
37	0	
38	1	
39	0	
40	3	
41	3	
42	2	
43	1	
44	1	
45	2	
46	2	
47	1	
48	0	
49	1	
50	2	
51	1	
52	2	
53	1	2.0
54	1	
55	2	
56	1	
57	2	
58	2	
59	2	
60	2	
61	0	
62	1	
63	2	
64	0	
65	2	2.0
66	2	
67	1	
68	2	
69	2	
70	1	
71	2	
72	2	
73	2	
74	2	
75	0	2.0
76	2	
77	3	
78	2	
79	1	
80	1	
81	1	0.0
82	2	
83	2	
84	1	
85	1	
86	1	
87	2	
88	1	
89	1	
90	2	
91	3	
92	3	0.0
93	3	
94	3	
95	1	
96	2	
97	3	
98	1	
99	0	
100	1	
101	3	
102	2	
103	3	
104	0	
105	1	3.0
106	3	
107	3	
108	2	
109	2	
110	1	
111	0	
112	3	
113	2	
114	1	2.0
115	2	
116	2	
117	0	
118	2	
119	2	
120	1	
121	1	
122	1	
123	2	
124	3	
125	1	
126	1	
127	2	
128	3	
129	1	
130	2	
131	1	
132	1	
133	2	
134	1	
135	1	
136	2	
137	2	
138	1	2.0
139	2	
140	1	
141	2	
142	1	
143	1	
144	0	
145	2	
146	2	
147	2	0.0
148	3	
149	1	
150	3	
151	2	3.0
152	1	
153	3	
154	2	
155	1	
156	2	
157	3	
158	0	1.0
159	0	
160	3	
161	2	
162	3	
163	2	
164	3	
165	1	
166	2	
167	2	
168	0	
169	2	
170	0	
171	3	
172	2	
173	2	
174	3	
175	2	
176	2	
177	1	
178	2	
179	2	
180	0	
181	1	
182	1	
183	1	
184	2	
185	0	
186	1	
187	2	
188	1	
189	2	
190	2	
191	2	
192	0	
193	3	
194	3	
195	1	
196	1	
197	2	
198	2	
199	2	
200	2	
201	2	0.0
202	0	
203	1	
204	2	
205	1	
206	2	
207	2	
208	2	
209	1	
210	2	
211	3	
212	1	0.0
213	2	
214	0	
215	2	
216	1	
217	2	
218	1	
219	3	
220	2	
221	1	
222	1	
223	0	
224	2	
225	2	
226	2	1.0
227	0	2.0
228	3	
229	1	
230	3	
231	1	
232	1	
233	1	
234	2	
235	2	2.0
236	2	
237	3	
238	2	
239	2	
240	2	
241	1	
242	3	
243	2	
244	2	
245	2	
246	1	
247	3	
248	3	
249	2	
250	2	
251	1	
252	3	3.0
253	2	
254	1	
255	3	
256	0	
257	2	
258	3	
259	2	
260	2	
261	3	
262	2	
263	2	
264	2	
265	3	
266	1	
267	0	
268	2	3.0
269	3	2.0
270	0	
271	3	
272	1	
273	3	
274	0	
275	1	3.0
276	3	
277	1	
278	2	
279	1	
280	2	
281	3	
282	2	
283	2	
284	0	
285	0	
286	2	
287	2	
288	1	
289	2	
290	3	
291	2	
292	1	
293	2	
294	1	
295	0	
296	2	
297	2	
298	1	2.0
299	2	
300	1	
301	2	1.0
302	2	
303	3	
304	1	
305	1	
306	2	
307	2	
308	2	
309	2	0.0
310	2	
311	3	
312	0	
313	2	
314	2	
315	2	
316	2	3.0
317	2	
318	2	
319	2	
320	3	
321	0	
322	2	
323	1	
324	2	
325	0	
326	2	
327	0	
328	0	
329	1	3.0
330	0	
331	2	
332	1	
333	2	
334	2	
335	2	
336	2	
337	0	
338	0	
339	3	
340	1	2.0
341	1	
342	2	
343	3	
344	2	
345	2	
346	2	
347	3	
348	1	
349	0	
350	0	
351	3	
352	0	
353	2	
354	1	
355	2	
356	1	
357	2	
358	2	
359	2	
360	2	
361	2	
362	2	3.0
363	2	
364	0	
365	3	
366	2	
367	2	
368	2	
369	2	
370	0	
371	2	
372	1	0.0
373	3	
374	0	
375	2	
376	0	
377	2	
378	2	
379	3	
380	2	
381	2	
382	1	
383	3	
384	2	
385	2	
386	2	
387	2	
388	1	1.0
389	0	
390	2	
391	1	
392	2	
393	1	
394	1	
395	3	
396	3	
397	1	
398	2	
399	2	
400	1	
401	2	
402	2	
403	2	
404	2	
405	2	
406	2	
407	2	
408	1	
409	3	
410	2	
411	2	
412	2	
413	3	
414	1	
415	3	
416	2	
417	2	
418	3	
419	2	
420	0	
421	2	
422	1	
423	2	
424	1	
425	1	
426	2	
427	1	2.0
428	1	1.0
429	2	2.0
430	1	
431	3	
432	2	
433	2	
434	2	
435	2	
436	2	
437	1	
438	1	
439	1	
440	2	
441	1	
442	2	
443	1	
444	0	
445	2	
446	2	2.0
447	0	
448	2	
449	2	
450	1	
451	2	
452	1	2.0
453	3	2.0
454	0	
455	2	
456	3	
457	2	
458	2	
459	0	
460	2	
461	2	
462	2	
463	0	
464	2	
465	3	
466	1	
467	0	
468	3	
469	1	
470	3	
471	1	1.0
472	2	
473	3	
474	1	
475	2	
476	2	
477	2	2.0
478	1	
479	1	
480	2	
481	1	
482	0	
483	0	
484	2	
485	1	
486	1	
487	0	
488	0	
489	2	
490	2	
491	1	
492	0	
493	2	
494	3	
495	2	
496	2	
497	1	
498	2	
499	2	3.0
500	1	
501	3	
502	2	
503	2	
504	3	
505	2	
506	2	
507	3	
508	3	2.0
509	2	
510	2	
511	2	
512	0	0.0
513	0	2.0
514	3	
515	3	
516	1	
517	1	
518	2	
519	3	1.0
520	1	
521	1	
522	2	
523	2	3.0
524	2	
525	1	
526	2	
527	3	
528	2	
529	3	
530	2	
531	2	
532	1	
533	2	
534	1	
535	2	
536	1	
537	2	
538	2	
539	2	3.0
540	0	
541	1	
542	3	
543	1	
544	2	
545	1	
546	2	
547	2	
548	2	
549	2	
550	2	
551	2	
552	1	3.0
553	2	
554	2	
555	0	
556	0	
557	2	3.0
558	3	
559	1	
560	2	
561	2	
562	1	2.0
563	1	
564	0	
565	1	
566	2	
567	2	
568	3	
569	1	
570	3	
571	2	
572	1	
573	0	
574	2	
575	2	
576	1	
577	2	
578	2	
579	2	
580	1	
581	2	
582	0	
583	1	
584	1	
585	2	
586	1	
587	2	
588	1	
589	0	
590	1	
591	2	
592	1	
593	2	
594	1	
595	2	
596	1	
597	2	
598	2	
599	3	
600	1	
601	3	
602	2	2.0
603	2	
604	2	
605	2	
606	2	
607	2	
608	2	
609	0	0.0
610	2	
611	0	
612	3	
613	2	
614	3	1.0
615	1	
616	2	
617	3	
618	2	
619	2	
620	2	
621	2	
622	3	
623	3	
624	0	
625	1	2.0
626	2	
627	2	
628	2	
629	2	
630	2	
631	2	
632	2	
633	2	
634	2	
635	0	
636	2	
637	2	
638	3	
639	2	
640	2	
641	0	
642	2	
643	3	
644	3	
645	3	
646	2	
647	1	
648	0	
649	2	
650	1	
651	1	
652	2	
653	0	
654	2	
655	2	
656	1	
657	1	
658	1	
659	0	
660	2	
661	2	
662	2	
663	3	
664	2	
665	2	
666	0	
667	2	
668	2	
669	2	
670	2	
671	2	
672	2	
673	1	
674	2	2.0
675	2	
676	1	
677	2	
678	2	
679	3	
680	1	
681	1	
682	1	
683	2	1.0
684	1	
685	1	2.0
686	2	
687	1	
688	2	
689	1	
690	1	0.0
691	1	
692	1	
693	2	
694	3	
695	1	
696	2	
697	1	
698	2	
699	2	
700	2	
701	2	
702	3	
703	3	
704	1	
705	1	
706	2	
707	2	
708	2	
709	1	
710	1	
711	2	
712	2	
713	2	
714	0	
715	3	
716	0	
717	2	
718	3	
719	0	
720	2	
721	0	
722	2	
723	2	
724	2	
725	2	
726	2	3.0
727	1	
728	2	
729	1	
730	0	
731	1	
732	3	
733	2	
734	1	
735	2	
736	1	
737	3	
738	2	
739	3	2.0
740	3	
741	3	
742	0	
743	2	
744	1	
745	2	
746	0	
747	1	
748	2	
749	3	
750	1	
751	2	
752	1	2.0
753	2	
754	2	
755	2	
756	0	
757	0	
758	1	
759	1	
760	1	0.0
761	0	
762	1	
763	1	
764	2	
765	0	
766	1	
767	2	
768	2	
769	0	
770	3	
771	2	
772	3	
773	3	
774	3	2.0
775	2	
776	1	
777	2	
778	2	1.0
779	1	
780	2	
781	1	
782	3	
783	2	
784	3	
785	2	
786	1	
787	1	
788	3	
789	2	
790	3	1.0
791	3	
792	1	1.0
793	2	
794	3	
795	2	
796	2	
797	1	
798	2	
799	3	
800	1	
801	2	
802	1	
803	0	0.0
804	1	
805	1	
806	1	
807	2	
808	2	
809	2	
810	2	
811	2	
812	3	
813	2	
814	0	
815	2	
816	3	3.0
817	2	
818	2	
819	2	0.0
820	1	
821	3	
822	2	
823	2	
824	1	
825	2	
826	2	
827	2	
828	1	
829	3	
830	3	
831	3	
832	2	2.0
833	3	
834	2	3.0
835	2	
836	2	
837	0	
838	2	
839	0	
840	1	
841	2	
842	3	
843	2	
844	2	
845	2	
846	1	
847	2	
848	2	
849	0	
850	3	
851	1	
852	0	
853	2	
854	0	
855	1	
856	0	
857	2	
858	2	
859	3	
860	2	
861	2	2.0
862	2	
863	2	
864	2	
865	3	
866	2	
867	2	
868	3	
869	0	
870	2	
871	2	
872	3	
873	0	
874	1	
875	1	
876	2	
877	3	
878	1	
879	3	
880	2	
881	1	
882	2	
883	1	
884	2	
885	2	
886	2	2.0
887	2	2.0
888	0	
889	0	
890	2	
891	1	2.0
892	3	
893	2	
894	2	
895	3	
896	1	
897	3	2.0
898	2	
899	3	
900	2	
901	2	
902	2	
903	3	
904	1	
905	3	1.0
906	1	
907	2	
908	1	
909	2	
910	2	
911	0	
912	0	
913	1	
914	2	
915	1	
916	2	
917	2	
918	1	
919	1	
920	0	
921	0	
922	1	
923	2	
924	2	
925	3	
926	1	
927	2	
928	2	
929	1	
930	3	
931	1	1.0
932	2	
933	2	
934	1	
935	2	
936	2	2.0
937	0	
938	2	
939	1	
940	2	
941	2	3.0
942	2	
943	2	
944	2	
945	2	1.0
946	2	
947	3	
948	1	
949	1	
950	1	
951	1	
952	1	
953	3	
954	1	
955	2	
956	2	
957	3	
958	1	
959	0	
960	3	
961	2	
962	2	
963	1	
964	3	
965	2	
966	1	
967	1	
968	2	
969	0	
970	2	
971	3	
972	2	
973	1	
974	2	
975	1	
976	1	
977	1	
978	3	
979	2	
980	2	
981	1	
982	2	
983	2	
984	1	
985	2	
986	2	
987	3	
988	3	
989	2	
990	2	
991	2	
992	2	
993	2	
994	1	
995	0	
996	2	
997	2	
998	2	
999	1	
1000	2	
1001	2	
1002	2	
1003	2	
1004	1	
1005	1	
1006	2	
1007	0	
1008	1	
1009	1	
1010	2	
1011	0	
1012	0	
1013	2	
1014	2	
1015	0	
1016	1	
1017	2	
1018	1	
1019	3	
1020	3	
1021	1	2.0
1022	1	
1023	1	
1024	2	
1025	1	
1026	2	
1027	2	
1028	3	2.0
1029	2	
1030	1	
1031	0	
1032	1	
1033	2	
1034	2	
1035	2	
1036	2	
1037	3	
1038	2	
1039	1	
1040	1	
1041	2	
1042	2	
1043	2	
1044	3	
1045	2	2.0
1046	2	2.0
1047	1	
1048	2	
1049	2	
1050	2	
1051	2	
1052	2	
1053	1	
1054	2	3.0
1055	0	
1056	1	
1057	1	
1058	2	0.0
1059	2	
1060	0	
1061	2	
1062	2	
1063	2	
1064	2	
1065	0	
1066	2	
1067	2	
1068	2	
1069	1	
1070	2	
1071	2	
1072	2	
1073	2	1.0
1074	2	
1075	1	
1076	1	
1077	1	2.0
1078	2	
1079	1	2.0
1080	1	
1081	2	
1082	1	
1083	3	
1084	1	
1085	1	
1086	2	
1087	2	
1088	2	
1089	2	
1090	3	
1091	2	
1092	1	
1093	2	
1094	0	
1095	1	
1096	0	
1097	2	
1098	1	
1099	0	
1100	2	
1101	1	
1102	1	
1103	1	
1104	1	
1105	1	
1106	3	
1107	2	
1108	2	
1109	2	
1110	0	
1111	0	
1112	2	
1113	1	
1114	1	
1115	2	
1116	2	
1117	2	
1118	3	2.0
1119	0	
1120	3	
1121	2	
1122	3	
1123	1	
1124	2	
1125	0	
1126	2	
1127	1	
1128	2	
1129	2	
1130	2	
1131	1	
1132	2	2.0
1133	2	
1134	3	
1135	1	
1136	1	
1137	2	
1138	2	1.0
1139	1	
1140	2	
1141	1	
1142	1	
1143	0	
1144	0	
1145	2	
1146	2	
1147	2	
1148	2	
1149	2	2.0
1150	2	
1151	0	
1152	3	
1153	2	
1154	3	
1155	2	
1156	1	
1157	0	
1158	1	
1159	1	
1160	1	
1161	2	3.0
1162	2	
1163	2	
1164	2	
1165	2	
1166	1	
1167	2	
1168	1	
1169	1	
1170	2	
1171	3	
1172	1	
1173	2	
1174	2	
1175	1	
1176	3	
1177	0	
1178	2	
1179	2	
1180	2	
1181	1	2.0
1182	2	
1183	2	
1184	1	
1185	2	
1186	2	
1187	3	
1188	1	
1189	1	3.0
1190	1	
1191	1	
1192	1	
1193	1	
1194	2	
1195	2	2.0
1196	2	
1197	2	2.0
1198	2	
1199	1	
1200	1	
1201	2	
1202	0	
1203	3	
1204	3	
1205	3	
1206	2	
1207	2	
1208	1	
1209	2	
1210	2	
1211	3	
1212	0	
1213	1	
1214	2	
1215	3	
1216	2	
1217	2	
1218	2	
1219	2	
1220	0	
1221	1	
1222	1	
1223	3	
1224	2	
1225	1	
1226	1	
1227	2	
1228	0	
1229	1	
1230	1	
1231	0	2.0
1232	1	
1233	0	
1234	3	
1235	3	3.0
1236	1	
1237	1	
1238	2	
1239	0	
1240	2	
1241	3	
1242	2	
1243	1	
1244	2	
1245	3	2.0
1246	2	
1247	0	
1248	1	
1249	1	
1250	0	
1251	1	
1252	1	
1253	1	
1254	2	
1255	1	
1256	1	
1257	2	
1258	0	
1259	2	
1260	3	
1261	2	
1262	1	
1263	3	1.0
1264	1	
1265	1	
1266	2	
1267	0	
1268	2	
1269	2	
1270	3	
1271	3	
1272	2	
1273	1	
1274	3	
1275	1	
1276	1	
1277	2	
1278	2	3.0
1279	1	
1280	3	
1281	1	
1282	1	
1283	2	
1284	2	2.0
1285	2	
1286	3	
1287	2	
1288	1	
1289	2	
1290	3	
1291	2	
1292	0	
1293	1	2.0
1294	1	
1295	2	
1296	2	
1297	1	
1298	2	
1299	1	
1300	2	
1301	2	
1302	3	
1303	2	
1304	3	
1305	3	
1306	1	
1307	3	
1308	1	
1309	2	
1310	3	
1311	0	
1312	2	
1313	1	1.0
1314	2	
1315	1	
1316	3	
1317	2	2.0
1318	3	
1319	2	
1320	2	
1321	2	
1322	3	
1323	1	
1324	1	
1325	3	1.0
1326	2	
1327	2	
1328	2	
1329	2	
1330	2	
1331	2	
1332	2	1.0
1333	2	
1334	1	
1335	0	
1336	2	
1337	2	1.0
1338	1	
1339	0	
1340	0	
1341	3	
1342	3	
1343	2	
1344	0	1.0
1345	1	
1346	2	
1347	1	
1348	1	2.0
1349	2	0.0
1350	1	
1351	2	
1352	1	
1353	2	
1354	2	
1355	2	
1356	1	
1357	2	3.0
1358	2	
1359	2	
1360	1	0.0
1361	3	
1362	2	
1363	1	
1364	1	
1365	1	
1366	2	
1367	2	
1368	2	
1369	2	
1370	2	
1371	0	
1372	3	
1373	2	
1374	1	
1375	2	
1376	1	
1377	2	
1378	1	
1379	0	
1380	2	
1381	2	
1382	0	2.0
1383	2	
1384	2	
1385	1	
1386	0	
1387	2	
1388	0	1.0
1389	2	
1390	2	
1391	1	
1392	2	
1393	0	
1394	1	
1395	3	
1396	1	
1397	1	
1398	3	
1399	2	
1400	3	
1401	0	1.0
1402	1	
1403	1	
1404	1	
1405	2	
1406	0	
1407	0	
1408	3	
1409	2	
1410	2	
1411	3	
1412	0	
1413	3	
1414	1	
1415	2	2.0
1416	2	
1417	1	
1418	2	
1419	2	
1420	0	
1421	2	
1422	1	3.0
1423	3	
1424	2	
1425	2	
1426	2	
1427	3	
1428	3	
1429	1	
1430	1	
1431	2	
1432	2	
1433	2	
1434	2	
1435	1	
1436	2	
1437	2	
1438	2	
1439	3	
1440	1	
1441	2	
1442	2	
1443	1	
1444	1	
1445	2	2.0
1446	2	
1447	0	
1448	1	
1449	2	
1450	1	
1451	2	
1452	0	
1453	0	
1454	1	
1455	1	
1456	2	
1457	0	
1458	2	0.0
1459	0	
1460	0	0.0
1461	0	
1462	2	
1463	2	
1464	3	
1465	2	
1466	2	
1467	0	
1468	1	
1469	1	
1470	2	
1471	3	
1472	1	
1473	3	
1474	3	
1475	3	
1476	2	2.0
1477	2	
1478	1	
1479	2	
1480	2	
1481	2	
1482	0	
1483	2	1.0
1484	2	
1485	2	
1486	3	1.0
1487	3	
1488	2	
1489	2	
1490	2	
1491	1	
1492	2	
1493	1	
1494	1	
1495	2	
1496	1	
1497	2	
1498	2	
1499	2	
1500	2	
1501	2	2.0
1502	3	2.0
1503	0	2.0
1504	2	
1505	3	
1506	1	
1507	2	
1508	2	
1509	1	
1510	2	
1511	1	
1512	2	
1513	1	
1514	1	
1515	2	
1516	2	
1517	2	
1518	2	
1519	2	2.0
1520	2	
1521	3	
1522	1	
1523	2	
1524	1	2.0
1525	2	
1526	1	1.0
1527	2	
1528	0	
1529	1	1.0
1530	2	
1531	1	
1532	1	0.0
1533	0	
1534	2	
1535	2	
1536	2	
1537	2	
1538	2	
1539	1	
1540	2	2.0
1541	2	
1542	1	
1543	2	
1544	2	
1545	2	
1546	2	
1547	2	
1548	3	
1549	0	
1550	2	
1551	3	
1552	1	
1553	0	1.0
1554	0	
1555	1	
1556	1	
1557	2	
1558	0	
1559	3	
1560	1	
1561	2	
1562	2	
1563	1	
1564	3	
1565	3	
1566	1	
1567	2	
1568	1	
1569	2	
1570	2	
1571	2	
1572	2	
1573	0	
1574	2	
1575	2	
1576	0	
1577	2	
1578	2	
1579	2	
1580	1	
1581	2	
1582	0	
1583	2	
1584	2	
1585	1	2.0
1586	1	1.0
1587	1	
1588	3	
1589	2	
1590	2	
1591	2	1.0
1592	1	
1593	3	
1594	0	
1595	2	
1596	3	
1597	0	
1598	1	2.0
1599	2	
1600	3	
1601	2	2.0
1602	2	
1603	2	
1604	2	
1605	0	
1606	0	
1607	3	
1608	3	
1609	0	
1610	0	
1611	2	
1612	0	
1613	1	
1614	3	
1615	2	
1616	2	
1617	2	
1618	2	
1619	0	
1620	1	
1621	2	0.0
1622	1	
1623	1	
1624	1	
1625	2	
1626	2	
1627	3	
1628	2	
1629	2	2.0
1630	3	
1631	2	
1632	2	
1633	2	
1634	2	
1635	2	
1636	2	
1637	1	
1638	2	2.0
1639	2	
1640	1	
1641	1	
1642	2	
1643	1	
1644	2	
1645	2	
1646	2	
1647	2	
1648	1	2.0
1649	1	
1650	1	
1651	2	
1652	2	
1653	2	
1654	0	
1655	2	
1656	1	
1657	2	
1658	1	
1659	1	
1660	2	
1661	1	
1662	2	
1663	2	
1664	2	
1665	2	
1666	0	
1667	0	
1668	1	0.0
1669	2	
1670	2	
1671	2	
1672	1	
1673	1	
1674	2	
1675	2	
1676	1	0.0
1677	1	
1678	1	
1679	0	
1680	1	
1681	2	
1682	2	
1683	2	
1684	3	
1685	1	
1686	2	2.0
1687	2	2.0
1688	2	
1689	2	2.0
1690	3	
1691	0	
1692	3	
1693	2	
1694	0	
1695	2	
1696	1	
1697	2	
1698	2	
1699	0	
1700	3	
1701	0	
1702	2	
1703	1	
1704	2	
1705	2	
1706	0	
1707	0	
1708	1	
1709	0	
1710	2	
1711	2	
1712	2	
1713	1	
1714	1	
1715	0	
1716	1	
1717	0	
1718	2	
1719	2	
1720	2	
1721	0	
1722	1	
1723	2	
1724	2	
1725	2	
1726	2	
1727	3	
1728	2	
1729	2	
1730	2	
1731	2	
1732	2	
1733	1	
1734	2	
1735	2	
1736	2	
1737	2	
1738	1	
1739	1	
1740	2	3.0
1741	1	
1742	1	
1743	2	
1744	1	
1745	3	
1746	0	
1747	3	
1748	3	
1749	2	
1750	1	
1751	2	
1752	3	
1753	0	
1754	2	
1755	2	
1756	0	
1757	1	
1758	2	
1759	0	
1760	2	2.0
1761	3	
1762	1	2.0
1763	2	0.0
1764	2	
1765	3	
1766	1	
1767	2	
1768	2	
1769	1	
1770	1	
1771	2	
1772	1	2.0
1773	1	
1774	3	
1775	2	
1776	2	
1777	2	
1778	2	
1779	3	2.0
1780	1	
1781	1	
1782	1	
1783	2	
1784	1	
1785	2	
1786	2	
1787	0	
1788	2	
1789	2	
1790	1	
1791	2	
1792	2	
1793	2	1.0
1794	2	
1795	1	
1796	2	
1797	0	
1798	2	
1799	2	
1800	1	
1801	1	
1802	2	
1803	1	
1804	1	
1805	2	
1806	2	
1807	2	
1808	2	
1809	2	2.0
1810	1	
1811	2	
1812	2	
1813	1	1.0
1814	3	
1815	1	
1816	2	
1817	1	
1818	0	
1819	1	
1820	1	3.0
1821	3	
1822	3	0.0
1823	0	
1824	1	
1825	1	
1826	1	
1827	2	3.0
1828	1	
1829	3	
1830	1	
1831	3	
1832	2	
1833	1	
1834	2	
1835	1	
1836	2	
1837	2	
1838	2	
1839	2	
1840	2	
1841	2	
1842	3	
1843	1	
1844	1	
1845	1	
1846	1	
1847	2	
1848	0	
1849	2	1.0
1850	1	
1851	2	
1852	2	
1853	2	
1854	1	
1855	1	
1856	1	
1857	1	
1858	1	
1859	2	
1860	0	
1861	3	
1862	0	
1863	1	1.0
1864	0	
1865	0	
1866	1	
1867	2	
1868	2	
1869	2	
1870	1	
1871	3	
1872	2	
1873	3	
1874	2	
1875	2	
1876	3	
1877	2	
1878	2	
1879	0	
1880	2	
1881	2	
1882	2	
1883	2	
1884	3	
1885	2	
1886	2	
1887	1	
1888	2	
1889	2	
1890	2	
1891	2	
1892	3	
1893	2	
1894	1	
1895	2	
1896	2	
1897	3	
1898	1	
1899	2	
1900	0	1.0
1901	1	
1902	2	
1903	3	2.0
1904	2	1.0
1905	2	
1906	3	
1907	2	
1908	2	
1909	0	
1910	2	
1911	2	
1912	2	
1913	2	
1914	1	
1915	2	
1916	2	
1917	1	
1918	2	
1919	0	
1920	2	
1921	2	
1922	1	
1923	1	0.0
1924	2	
1925	1	
1926	2	
1927	3	
1928	0	
1929	2	
1930	2	
1931	2	
1932	2	
1933	1	
1934	2	
1935	2	
1936	3	
1937	2	
1938	2	
1939	2	
1940	2	
1941	2	
1942	0	
1943	2	
1944	1	
1945	3	
1946	1	
1947	1	1.0
1948	1	
1949	2	
1950	1	
1951	3	
1952	3	
1953	0	
1954	3	
1955	1	2.0
1956	2	
1957	1	
1958	2	
1959	0	
1960	1	
1961	3	
1962	1	
1963	1	
1964	3	
1965	2	
1966	1	2.0
1967	1	2.0
1968	3	
1969	2	
1970	3	
1971	1	
1972	2	
1973	3	
1974	0	
1975	2	
1976	0	
1977	1	
1978	1	
1979	2	
1980	0	1.0
1981	2	
1982	2	
1983	1	
1984	1	
1985	2	
1986	1	
1987	3	
1988	2	
1989	2	
1990	2	
1991	1	
1992	2	
1993	2	
1994	2	
1995	1	
1996	2	
1997	3	
1998	2	
1999	2	
2000	1	
2001	2	
2002	2	
2003	2	
2004	2	
2005	3	
2006	0	
2007	2	
2008	2	
2009	1	
2010	1	
2011	2	
2012	2	
2013	1	
2014	1	
2015	1	
2016	2	
2017	1	
2018	3	
2019	2	
2020	1	
2021	1	
2022	1	
2023	0	
2024	2	
2025	1	
2026	1	
2027	2	
2028	0	
2029	1	
2030	2	
2031	2	
2032	2	
2033	2	
2034	1	
2035	2	
2036	0	
2037	2	
2038	2	
2039	1	
2040	0	
2041	1	
2042	2	
2043	0	
2044	2	
2045	2	
2046	3	
2047	0	
2048	1	
2049	0	
2050	2	
2051	2	
2052	0	
2053	1	
2054	2	
2055	0	
2056	2	
2057	3	
2058	3	
2059	2	
2060	2	
2061	1	
2062	2	
2063	2	
2064	2	
2065	3	
2066	2	
2067	2	
2068	2	
2069	1	
2070	2	
2071	3	
2072	2	
2073	3	
2074	2	
2075	2	
2076	0	
2077	2	
2078	1	
2079	3	
2080	2	
2081	1	
2082	2	
2083	2	
2084	1	
2085	2	
2086	2	
2087	3	
2088	1	
2089	3	
2090	2	
2091	2	
2092	2	
2093	2	
2094	1	
2095	2	
2096	1	
2097	3	
2098	1	3.0
2099	3	
2100	2	
2101	1	
2102	2	
2103	2	
2104	1	
2105	3	
2106	2	1.0
2107	3	
2108	2	
2109	2	
2110	1	
2111	2	
2112	2	
2113	2	
2114	3	
2115	3	3.0
2116	2	
2117	2	
2118	2	
2119	0	
2120	3	
2121	2	
2122	2	
2123	0	
2124	1	
2125	0	
2126	3	
2127	2	
2128	1	
2129	1	
2130	1	1.0
2131	0	0.0
2132	1	
2133	1	
2134	2	
2135	1	
2136	2	
2137	2	
2138	1	
2139	1	
2140	2	
2141	2	
2142	2	
2143	2	
2144	2	
2145	2	
2146	1	
2147	3	
2148	2	
2149	1	
2150	0	
2151	2	2.0
2152	3	
2153	1	3.0
2154	0	
2155	2	
2156	0	
2157	0	
2158	2	
2159	2	
2160	2	
2161	0	
2162	3	
2163	3	
2164	1	
2165	3	
2166	2	
2167	2	
2168	2	
2169	0	
2170	3	
2171	1	
2172	2	
2173	2	
2174	2	
2175	0	
2176	2	
2177	0	
2178	2	
2179	0	
2180	2	
2181	2	
2182	2	
2183	1	
2184	2	
2185	2	
2186	2	
2187	0	
2188	1	
2189	1	
2190	1	
2191	0	
2192	2	
2193	3	
2194	2	
2195	1	
2196	0	
2197	1	
2198	0	
2199	2	
2200	0	
2201	3	
2202	0	
2203	1	
2204	1	
2205	2	
2206	3	
2207	3	
2208	3	
2209	2	
2210	0	
2211	2	
2212	3	
2213	1	
2214	2	
2215	2	3.0
2216	2	
2217	2	
2218	3	
2219	2	
2220	2	
2221	3	
2222	3	
2223	1	
2224	2	
2225	2	
2226	1	
2227	1	
2228	0	
2229	2	
2230	2	
2231	1	
2232	2	
2233	3	
2234	1	
2235	2	
2236	2	
2237	2	
2238	2	
2239	2	
2240	1	
2241	2	
2242	2	
2243	3	
2244	1	
2245	2	
2246	2	
2247	2	
2248	1	
2249	1	
2250	3	
2251	2	
2252	2	
2253	0	
2254	2	
2255	1	
2256	2	
2257	0	
2258	2	
2259	1	
2260	2	1.0
2261	2	
2262	1	
2263	2	
2264	3	
2265	1	
2266	0	
2267	1	
2268	1	
2269	3	
2270	2	
2271	1	
2272	2	
2273	2	
2274	2	
2275	3	
2276	2	
2277	2	
2278	2	
2279	0	
2280	1	
2281	0	
2282	1	
2283	1	
2284	3	
2285	3	0.0
2286	2	
2287	2	
2288	3	
2289	2	
2290	1	
2291	2	
2292	2	
2293	0	
2294	2	
2295	2	
2296	2	
2297	2	
2298	2	
2299	1	
2300	0	
2301	1	
2302	2	
2303	2	
2304	1	
2305	2	
2306	2	
2307	1	
2308	2	
2309	2	
2310	0	
2311	2	
2312	2	
2313	2	
2314	2	
2315	2	
2316	2	
2317	2	
2318	2	
2319	2	
2320	0	2.0
2321	1	
2322	2	
2323	2	
2324	0	
2325	2	
2326	0	
2327	2	
2328	2	
2329	0	
2330	2	
2331	2	3.0
2332	2	1.0
2333	0	3.0
2334	1	
2335	3	
2336	2	
2337	1	
2338	2	
2339	2	
2340	2	
2341	1	
2342	2	
2343	3	
2344	2	
2345	2	
2346	2	
2347	2	
2348	2	
2349	2	
2350	2	
2351	1	
2352	1	2.0
2353	1	
2354	0	
2355	2	2.0
2356	1	
2357	3	3.0
2358	2	
2359	1	
2360	1	
2361	1	
2362	1	
2363	1	
2364	1	
2365	2	
2366	1	1.0
2367	3	
2368	2	
2369	2	
2370	2	
2371	2	
2372	2	
2373	0	
2374	2	3.0
2375	2	
2376	2	
2377	2	
2378	2	
2379	2	
2380	1	
2381	2	
2382	1	
2383	2	
2384	2	1.0
2385	2	
2386	2	1.0
2387	1	
2388	2	
2389	2	
2390	1	
2391	2	
2392	1	
2393	3	
2394	2	
2395	0	
2396	1	
2397	1	
2398	2	
2399	1	
2400	1	
2401	1	0.0
2402	1	
2403	2	
2404	2	
2405	1	
2406	3	
2407	1	
2408	2	
2409	2	
2410	1	
2411	2	
2412	2	
2413	2	
2414	3	
2415	2	
2416	2	
2417	1	2.0
2418	3	
2419	2	
2420	1	
2421	2	
2422	1	
2423	2	
2424	1	1.0
2425	2	
2426	2	
2427	2	
2428	1	
2429	1	
2430	1	
2431	0	
2432	1	
2433	1	
2434	2	
2435	1	
2436	2	
2437	1	
2438	2	
2439	2	
2440	1	
2441	2	
2442	2	
2443	1	
2444	2	
2445	0	
2446	2	
2447	0	
2448	1	
2449	2	
2450	1	
2451	1	
2452	3	
2453	1	
2454	3	
2455	1	
2456	1	
2457	3	
2458	3	
2459	2	
2460	3	
2461	1	0.0
2462	2	
2463	0	0.0
2464	2	
2465	2	
2466	2	
2467	1	
2468	1	
2469	2	
2470	2	
2471	0	
2472	0	
2473	3	
2474	1	
2475	2	
2476	1	
2477	1	
2478	2	
2479	1	
2480	2	
2481	2	
2482	2	
2483	2	
2484	3	
2485	2	
2486	0	
2487	1	
2488	3	
2489	3	
2490	2	1.0
2491	1	
2492	2	
2493	2	
2494	3	
2495	2	
2496	2	1.0
2497	1	1.0
2498	2	
2499	0	
2500	1	
2501	2	
2502	1	
2503	1	
2504	3	
2505	3	
2506	3	
2507	1	
2508	2	
2509	2	
2510	2	
2511	1	
2512	3	
2513	2	
2514	3	
2515	0	1.0
2516	3	
2517	2	
2518	0	
2519	1	
2520	3	
2521	2	
2522	2	
2523	3	
2524	3	
2525	0	
2526	2	
2527	2	
2528	2	
2529	0	1.0
2530	2	1.0
2531	2	
2532	0	
2533	1	
2534	2	
2535	2	
2536	2	
2537	2	
2538	1	
2539	3	
2540	2	
2541	2	
2542	1	
2543	3	
2544	1	
2545	2	
2546	2	
2547	1	
2548	3	
2549	2	
2550	3	
2551	0	
2552	1	2.0
2553	2	
2554	2	
2555	2	
2556	2	
2557	2	
2558	2	
2559	2	
2560	3	
2561	1	0.0
2562	1	
2563	2	
2564	1	
2565	1	
2566	0	
2567	2	
2568	0	
2569	2	2.0
2570	1	
2571	3	
2572	1	1.0
2573	2	
2574	2	
2575	1	
2576	3	
2577	2	
2578	0	
2579	2	
2580	2	
2581	1	
2582	2	
2583	3	
2584	3	
2585	2	
2586	0	
2587	1	
2588	2	
2589	0	
2590	1	
2591	1	
2592	2	
2593	3	
2594	2	
2595	2	0.0
2596	1	
2597	3	
2598	3	
2599	0	
2600	2	
2601	2	
2602	3	
2603	0	
2604	2	
2605	0	
2606	2	
2607	2	
2608	2	
2609	1	
2610	3	
2611	2	
2612	0	
2613	2	
2614	2	
2615	0	
2616	1	
2617	2	
2618	1	
2619	1	
2620	2	
2621	2	
2622	0	
2623	1	
2624	1	
2625	1	
2626	2	
2627	1	
2628	2	
2629	1	
2630	1	0.0
2631	1	
2632	1	
2633	2	
2634	2	
2635	2	
2636	1	
2637	2	
2638	0	
2639	1	
2640	2	
2641	2	
2642	2	
2643	1	
2644	1	
2645	2	
2646	2	2.0
2647	1	
2648	1	
2649	1	
2650	0	
2651	2	
2652	3	
2653	3	
2654	2	
2655	2	
2656	2	
2657	2	
2658	0	
2659	1	
2660	1	
2661	3	3.0
2662	2	
2663	2	
2664	1	
2665	3	
2666	3	
2667	3	
2668	2	
2669	1	1.0
2670	2	
2671	2	
2672	2	
2673	3	0.0
2674	2	
2675	3	
2676	2	
2677	2	
2678	1	
2679	2	
2680	1	
2681	1	
2682	0	
2683	1	
2684	1	
2685	1	
2686	1	
2687	1	
2688	0	
2689	3	
2690	2	
2691	2	
2692	0	
2693	2	
2694	0	3.0
2695	2	
2696	2	
2697	1	
2698	1	1.0
2699	1	
2700	1	
2701	2	
2702	1	
2703	1	
2704	3	
2705	3	
2706	2	
2707	1	
2708	2	
2709	1	
2710	1	
2711	0	
2712	2	
2713	2	
2714	1	
2715	2	
2716	3	
2717	1	
2718	1	
2719	2	
2720	1	
2721	2	3.0
2722	1	
2723	0	2.0
2724	0	
2725	0	
2726	1	
2727	2	1.0
2728	2	
2729	2	1.0
2730	2	
2731	2	
2732	1	
2733	3	
2734	2	
2735	2	
2736	1	
2737	1	
2738	1	
2739	1	
2740	1	
2741	2	
2742	2	
2743	2	
2744	1	
2745	0	
2746	2	2.0
2747	2	
2748	3	
2749	3	
2750	0	
2751	2	
2752	2	
2753	2	
2754	1	
2755	1	
2756	2	
2757	2	
2758	3	
2759	3	
2760	2	
2761	3	
2762	1	
2763	3	
2764	2	
2765	3	
2766	2	2.0
2767	2	
2768	1	
2769	2	
2770	2	
2771	2	
2772	2	
2773	2	
2774	1	
2775	2	
2776	2	
2777	0	
2778	1	
2779	2	
2780	2	
2781	3	
2782	1	2.0
2783	2	
2784	2	
2785	2	
2786	2	
2787	2	
2788	3	1.0
2789	3	
2790	1	
2791	2	
2792	2	
2793	2	2.0
2794	3	
2795	2	
2796	1	
2797	2	
2798	0	
2799	3	
2800	3	
2801	2	
2802	3	
2803	0	
2804	2	
2805	2	
2806	3	
2807	2	
2808	2	
2809	2	
2810	2	
2811	1	
2812	2	
2813	2	
2814	1	
2815	2	
2816	2	2.0
2817	1	
2818	0	
2819	2	
2820	2	
2821	1	
2822	1	
2823	3	
2824	0	
2825	1	
2826	2	
2827	2	
2828	2	
2829	3	
2830	2	
2831	1	
2832	1	
2833	2	
2834	2	
2835	1	
2836	1	
2837	2	
2838	1	
2839	3	
2840	1	
2841	2	
2842	3	
2843	0	
2844	2	
2845	1	
2846	2	
2847	2	
2848	1	
2849	3	
2850	0	
2851	2	
2852	2	
2853	2	1.0
2854	2	
2855	1	
2856	1	
2857	2	
2858	2	1.0
2859	2	
2860	2	
2861	2	
2862	2	
2863	1	
2864	1	
2865	3	
2866	1	
2867	1	
2868	1	
2869	3	
2870	0	
2871	1	
2872	2	
2873	2	2.0
2874	2	
2875	0	
2876	0	
2877	2	1.0
2878	2	
2879	2	
2880	1	
2881	2	
2882	1	
2883	1	
2884	1	
2885	3	
2886	0	
2887	1	1.0
2888	0	
2889	2	
2890	1	1.0
2891	1	
2892	2	
2893	2	
2894	2	
2895	3	
2896	2	
2897	1	
2898	2	
2899	1	
2900	2	
2901	2	
2902	2	
2903	3	
2904	2	
2905	1	
2906	2	
2907	1	0.0
2908	3	
2909	2	
2910	2	
2911	2	
2912	2	
2913	1	
2914	2	0.0
2915	1	
2916	2	
2917	1	
2918	1	
2919	2	
2920	0	
2921	1	
2922	3	
2923	2	
2924	3	
2925	3	
2926	1	
2927	2	
2928	1	
2929	2	
2930	3	
2931	2	
2932	1	
2933	1	
2934	3	
2935	2	
2936	1	
2937	1	
2938	0	
2939	2	
2940	1	
2941	0	
2942	1	
2943	2	
2944	2	
2945	1	
2946	3	
2947	2	
2948	0	
2949	0	
2950	0	
2951	3	
2952	2	
2953	0	
2954	2	
2955	2	
2956	2	
2957	1	
2958	2	
2959	1	
2960	2	
2961	2	
2962	3	
2963	0	3.0
2964	2	
2965	0	3.0
2966	1	
2967	3	1.0
2968	2	
2969	2	
2970	0	
2971	2	
2972	2	2.0
2973	1	
2974	3	
2975	2	
2976	2	
2977	1	
2978	1	
2979	2	
2980	1	
2981	0	
2982	0	
2983	3	
2984	2	
2985	1	
2986	2	
2987	1	
2988	2	
2989	1	
2990	1	
2991	3	
2992	2	
2993	3	
2994	1	
2995	3	
2996	3	
2997	0	
2998	2	
2999	1	
3000	2	
3001	1	2.0
3002	2	
3003	2	
3004	3	
3005	2	
3006	1	
3007	1	
3008	2	
3009	0	
3010	2	2.0
3011	2	
3012	2	
3013	2	
3014	0	
3015	2	
3016	1	
3017	0	
3018	2	
3019	0	
3020	2	
3021	2	3.0
3022	2	
3023	0	
3024	2	
3025	1	
3026	0	
3027	1	1.0
3028	1	
3029	3	
3030	3	
3031	1	
3032	2	
3033	1	2.0
3034	2	
3035	0	
3036	3	
3037	2	
3038	1	
3039	2	
3040	3	
3041	1	
3042	1	2.0
3043	2	
3044	2	
3045	2	
3046	3	
3047	0	
3048	3	
3049	1	1.0
3050	2	
3051	1	
3052	0	
3053	2	
3054	2	
3055	2	
3056	2	
3057	2	
3058	3	
3059	2	
3060	2	
3061	3	
3062	3	
3063	3	
3064	2	
3065	3	
3066	3	
3067	2	
3068	3	
3069	2	
3070	0	
3071	1	
3072	1	
3073	3	
3074	1	
3075	2	
3076	2	
3077	0	
3078	1	
3079	2	
3080	2	
3081	3	
3082	1	
3083	1	
3084	2	
3085	2	
3086	1	
3087	1	
3088	2	
3089	3	0.0
3090	2	
3091	3	
3092	1	
3093	3	
3094	3	3.0
3095	0	2.0
3096	1	
3097	2	
3098	3	
3099	2	
3100	3	
3101	2	
3102	2	
3103	2	
3104	3	
3105	1	
3106	2	
3107	2	
3108	1	
3109	2	
3110	1	
3111	3	
3112	2	
3113	3	
3114	3	
3115	2	
3116	2	
3117	2	
3118	0	
3119	2	
3120	2	
3121	2	
3122	1	
3123	1	
3124	1	3.0
3125	0	
3126	3	
3127	2	
3128	2	
3129	2	
3130	2	
3131	1	
3132	2	
3133	0	1.0
3134	1	2.0
3135	2	
3136	2	
3137	1	
3138	3	
3139	1	
3140	3	
3141	1	
3142	0	
3143	0	
3144	2	
3145	2	
3146	0	2.0
3147	0	
3148	3	
3149	3	
3150	2	
3151	1	
3152	0	
3153	0	
3154	0	
3155	2	
3156	1	
3157	2	
3158	2	
3159	3	
3160	1	
3161	2	2.0
3162	3	
3163	3	
3164	2	
3165	2	
3166	3	
3167	2	
3168	0	
3169	2	
3170	2	
3171	3	
3172	1	
3173	1	
3174	2	
3175	1	
3176	0	
3177	3	
3178	2	
3179	2	
3180	1	
3181	2	
3182	2	
3183	1	
3184	2	
3185	0	
3186	1	
3187	2	
3188	0	
3189	0	
3190	0	
3191	2	
3192	1	
3193	1	
3194	3	
3195	2	2.0
3196	2	
3197	1	
3198	1	
3199	0	
3200	2	
3201	3	
3202	2	
3203	0	
3204	2	
3205	1	
3206	2	
3207	1	
3208	2	
3209	2	
3210	1	
3211	2	3.0
3212	2	
3213	1	
3214	2	
3215	2	
3216	0	
3217	2	
3218	2	
3219	1	
3220	0	
3221	2	
3222	2	
3223	1	
3224	2	
3225	2	1.0
3226	2	
3227	1	
3228	1	
3229	3	
3230	1	
3231	1	
3232	3	
3233	3	
3234	3	
3235	2	
3236	2	
3237	3	
3238	2	
3239	0	
3240	2	
3241	2	1.0
3242	0	2.0
3243	2	
3244	2	
3245	2	
3246	2	
3247	1	
3248	1	
3249	1	
3250	1	
3251	1	
3252	3	
3253	3	
3254	3	
3255	1	
3256	2	
3257	2	
3258	1	
3259	1	
3260	0	
3261	2	
3262	1	
3263	2	
3264	2	
3265	3	
3266	1	
3267	2	
3268	2	
3269	3	
3270	2	
3271	2	
3272	3	
3273	1	
3274	1	
3275	2	
3276	1	
3277	2	
3278	1	
3279	3	
3280	3	
3281	2	
3282	1	
3283	2	
3284	3	
3285	3	
3286	2	
3287	0	
3288	3	
3289	1	
3290	0	
3291	2	
3292	1	2.0
3293	3	
3294	1	3.0
3295	3	
3296	2	
3297	2	
3298	0	
3299	2	
3300	2	
3301	0	
3302	2	1.0
3303	2	
3304	1	2.0
3305	1	2.0
3306	1	
3307	2	
3308	3	
3309	1	
3310	2	
3311	3	
3312	0	
3313	1	
3314	2	
3315	3	
3316	3	
3317	1	
3318	0	1.0
3319	2	
3320	3	
3321	0	1.0
3322	2	
3323	1	
3324	3	
3325	1	
3326	3	
3327	2	2.0
3328	2	
3329	1	
3330	1	
3331	3	2.0
3332	2	
3333	2	
3334	2	
3335	1	
3336	2	
3337	3	3.0
3338	1	
3339	3	
3340	1	
3341	2	
3342	1	
3343	1	
3344	2	
3345	3	
3346	1	
3347	1	
3348	1	
3349	0	
3350	1	
3351	1	
3352	2	
3353	2	
3354	1	
3355	2	
3356	1	
3357	2	
3358	2	
3359	1	
3360	2	
3361	1	
3362	1	
3363	1	
3364	1	
3365	1	
3366	2	
3367	1	
3368	1	
3369	2	
3370	2	1.0
3371	1	
3372	2	
3373	2	
3374	3	3.0
3375	2	
3376	2	
3377	2	
3378	1	
3379	1	
3380	2	
3381	2	
3382	2	
3383	2	
3384	0	
3385	3	
3386	2	
3387	2	
3388	2	
3389	2	2.0
3390	2	
3391	1	
3392	2	
3393	2	
3394	1	
3395	3	
3396	2	
3397	1	
3398	2	2.0
3399	2	
3400	2	
3401	2	
3402	1	
3403	0	
3404	2	
3405	1	
3406	2	0.0
3407	2	
3408	3	
3409	1	
3410	1	
3411	0	
3412	1	2.0
3413	3	
3414	3	2.0
3415	1	
3416	2	
3417	2	
3418	0	
3419	1	
3420	2	
3421	1	
3422	2	
3423	0	
3424	0	
3425	1	
3426	0	
3427	1	
3428	1	
3429	2	
3430	3	
3431	0	
3432	1	
3433	1	
3434	2	
3435	1	
3436	2	
3437	2	
3438	2	
3439	2	
3440	2	
3441	0	
3442	2	
3443	2	
3444	2	
3445	0	
3446	1	
3447	2	
3448	1	
3449	1	
3450	2	
3451	2	
3452	1	
3453	3	
3454	2	
3455	2	
3456	3	
3457	1	
3458	0	
3459	0	
3460	0	1.0
3461	2	
3462	1	
3463	3	
3464	1	
3465	2	1.0
3466	1	
3467	2	
3468	2	
3469	1	
3470	2	
3471	3	
3472	0	
3473	1	1.0
3474	2	
3475	2	
3476	2	
3477	3	
3478	2	
3479	1	
3480	2	
3481	3	
3482	2	
3483	2	
3484	0	
3485	2	
3486	3	
3487	0	
3488	2	
3489	1	
3490	2	
3491	1	
3492	2	
3493	2	2.0
3494	2	
3495	3	
3496	2	
3497	2	
3498	2	
3499	1	
3500	3	
3501	2	
3502	2	
3503	0	
3504	2	
3505	0	
3506	2	
3507	2	
3508	0	
3509	1	
3510	2	
3511	1	
3512	2	
3513	2	
3514	2	
3515	3	
3516	2	
3517	2	
3518	3	
3519	2	
3520	3	
3521	2	
3522	3	
3523	2	
3524	0	
3525	2	
3526	0	
3527	2	
3528	3	
3529	1	
3530	2	
3531	2	
3532	3	
3533	1	
3534	2	
3535	0	
3536	1	
3537	1	
3538	0	
3539	2	
3540	2	
3541	2	
3542	1	
3543	2	
3544	2	
3545	1	
3546	2	
3547	1	
3548	2	
3549	2	1.0
3550	1	
3551	2	
3552	3	
3553	1	2.0
3554	1	
3555	2	
3556	1	
3557	1	
3558	3	
3559	2	
3560	2	
3561	2	
3562	1	
3563	2	
3564	2	
3565	3	
3566	1	
3567	2	
3568	2	
3569	1	
3570	1	
3571	1	
3572	1	
3573	0	
3574	1	
3575	3	1.0
3576	1	
3577	2	
3578	2	
3579	3	
3580	2	
3581	2	
3582	2	
3583	3	
3584	2	
3585	2	
3586	3	
3587	2	
3588	2	
3589	2	
3590	2	
3591	3	
3592	2	
3593	1	
3594	2	
3595	1	
3596	2	
3597	2	
3598	1	
3599	0	
3600	0	
3601	2	
3602	2	
3603	2	
3604	1	
3605	3	
3606	1	
3607	2	
3608	1	
3609	1	
3610	2	3.0
3611	2	
3612	2	
3613	1	
3614	1	
3615	0	
3616	3	
3617	2	
3618	2	
3619	1	
3620	2	
3621	3	
3622	3	
3623	1	
3624	1	
3625	2	
3626	3	
3627	2	2.0
3628	1	1.0
3629	2	
